Username,Email,Last service,Note,Reminder Date
mfaizmunif123@gmail.com,26/09/23,awwww,25/12/23
d,dealishah@gmail.com,26/12/23,anyyeong,25/03/24
d,dealishah@gmail.com,26/09/23,anyyeong,25/12/23
d,dealishah@gmail.com,25/09/23,anyyeong,24/12/23
d,alshdeana@gmail.com,26/09/23,set 26,25/12/23
d,alshdeana@gmail.com,25/09/23,set 26,24/12/23
d,alshdeana@gmail.com,27/09/23,set 27,26/12/23
d,dealishah@gmail.com,25/12/23,haloowww set 25,24/03/24
alishadeana,dealishah@gmail.com,7/07/25,harus service ya!,05/10/25
